Model,RMSE,MAE,Coverage_Probability,Mean_Interval_Width,RMSE_Improvement_%
Neural Network,0.871494614551994,0.7155837541259316,0.9489795918367347,3.2499303805463025,84.57483773128986
Baseline,5.649824613643234,4.66808364042126,0.9489795918367347,14.905985251081065,0.0
